<ImportExportXml version="8.1.0000.0359" SolutionPackageVersion="8.0" languagecode="1033" generatedBy="OnPremise" xmlns:xsi="http://www.w3.org/2001/XMLSchema-instance">
  <SolutionManifest>
    <UniqueName>XrmClone</UniqueName>
    <LocalizedNames>
      <LocalizedName description="Xrm Clone" languagecode="1033" />
    </LocalizedNames>
    <Descriptions />
    <Version>1.0</Version>
    <Managed>0</Managed>
    <Publisher>
      <UniqueName>briteglobal</UniqueName>
      <LocalizedNames>
        <LocalizedName description="Brite Global" languagecode="1033" />
      </LocalizedNames>
      <Descriptions>
        <Description description="Brite Global is a premier Microsoft Dynamics consulting firm and a Gold CRM Competency Partner, specializing in the deployment and implementation of Microsoft Dynamics CRM and Custom Software solutions for companies of all sizes." languagecode="1033" />
      </Descriptions>
      <EMailAddress>sales@briteglobal.com</EMailAddress>
      <SupportingWebsiteUrl>http://www.briteglobal.com</SupportingWebsiteUrl>
      <CustomizationPrefix>xrm</CustomizationPrefix>
      <CustomizationOptionValuePrefix>10000</CustomizationOptionValuePrefix>
      <Addresses>
        <Address>
          <AddressNumber>1</AddressNumber>
          <AddressTypeCode>1</AddressTypeCode>
          <City>Beverly Hills</City>
          <County xsi:nil="true"></County>
          <Country>USA</Country>
          <Fax xsi:nil="true"></Fax>
          <FreightTermsCode xsi:nil="true"></FreightTermsCode>
          <ImportSequenceNumber xsi:nil="true"></ImportSequenceNumber>
          <Latitude xsi:nil="true"></Latitude>
          <Line1>269 South Beverly Drive</Line1>
          <Line2>Suite 115</Line2>
          <Line3 xsi:nil="true"></Line3>
          <Longitude xsi:nil="true"></Longitude>
          <Name xsi:nil="true"></Name>
          <PostalCode>90212</PostalCode>
          <PostOfficeBox xsi:nil="true"></PostOfficeBox>
          <PrimaryContactName xsi:nil="true"></PrimaryContactName>
          <ShippingMethodCode>1</ShippingMethodCode>
          <StateOrProvince>CA</StateOrProvince>
          <Telephone1>(310) 494-9699</Telephone1>
          <Telephone2 xsi:nil="true"></Telephone2>
          <Telephone3 xsi:nil="true"></Telephone3>
          <TimeZoneRuleVersionNumber xsi:nil="true"></TimeZoneRuleVersionNumber>
          <UPSZone xsi:nil="true"></UPSZone>
          <UTCOffset xsi:nil="true"></UTCOffset>
          <UTCConversionTimeZoneCode xsi:nil="true"></UTCConversionTimeZoneCode>
        </Address>
        <Address>
          <AddressNumber>2</AddressNumber>
          <AddressTypeCode>1</AddressTypeCode>
          <City xsi:nil="true"></City>
          <County xsi:nil="true"></County>
          <Country xsi:nil="true"></Country>
          <Fax xsi:nil="true"></Fax>
          <FreightTermsCode xsi:nil="true"></FreightTermsCode>
          <ImportSequenceNumber xsi:nil="true"></ImportSequenceNumber>
          <Latitude xsi:nil="true"></Latitude>
          <Line1 xsi:nil="true"></Line1>
          <Line2 xsi:nil="true"></Line2>
          <Line3 xsi:nil="true"></Line3>
          <Longitude xsi:nil="true"></Longitude>
          <Name xsi:nil="true"></Name>
          <PostalCode xsi:nil="true"></PostalCode>
          <PostOfficeBox xsi:nil="true"></PostOfficeBox>
          <PrimaryContactName xsi:nil="true"></PrimaryContactName>
          <ShippingMethodCode>1</ShippingMethodCode>
          <StateOrProvince xsi:nil="true"></StateOrProvince>
          <Telephone1 xsi:nil="true"></Telephone1>
          <Telephone2 xsi:nil="true"></Telephone2>
          <Telephone3 xsi:nil="true"></Telephone3>
          <TimeZoneRuleVersionNumber xsi:nil="true"></TimeZoneRuleVersionNumber>
          <UPSZone xsi:nil="true"></UPSZone>
          <UTCOffset xsi:nil="true"></UTCOffset>
          <UTCConversionTimeZoneCode xsi:nil="true"></UTCConversionTimeZoneCode>
        </Address>
      </Addresses>
    </Publisher>
    <RootComponents>
      <RootComponent type="1" schemaName="xrm_cloneattribute" behavior="0" />
      <RootComponent type="1" schemaName="xrm_clonennrelationship" behavior="0" />
      <RootComponent type="1" schemaName="xrm_clonerelationship" behavior="0" />
      <RootComponent type="1" schemaName="xrm_clonesetting" behavior="0" />
      <RootComponent type="29" id="{f8c1f0db-51e4-4737-8671-88701ec0dd74}" behavior="0" />
      <RootComponent type="50" schemaName=":RibbonDiffXml" behavior="0" />
      <RootComponent type="60" id="{09228496-e8ac-43e4-95a9-90bdde20c586}" behavior="0" />
      <RootComponent type="60" id="{44a8c3d5-b869-4ca9-a10a-06c31ea3ed85}" behavior="0" />
      <RootComponent type="60" id="{8c978b0d-357b-4e63-b6ba-23541c56b7af}" behavior="0" />
      <RootComponent type="60" id="{dab54d05-1ed4-45b5-bb14-cd0ad30135da}" behavior="0" />
      <RootComponent type="61" schemaName="msdyn_/Styles/WallContent.3098.css" behavior="0" />
      <RootComponent type="61" schemaName="xrm_global.js" behavior="0" />
      <RootComponent type="61" schemaName="xrm_process.js" behavior="0" />
    </RootComponents>
    <MissingDependencies>
      <MissingDependency>
        <Required key="0" type="61" schemaName="msdyn_/Styles/WallContent.3098.css" displayName="msdyn_/Styles/WallContent.3098.css" solution="ActivityFeedsCore (8.1.0.0)" />
        <Dependent key="0" type="61" schemaName="msdyn_/Styles/WallContent.3098.css" displayName="msdyn_/Styles/WallContent.3098.css" />
      </MissingDependency>
    </MissingDependencies>
  </SolutionManifest>
</ImportExportXml>